## RECSRecommendations Upload File,,,,,,,,,,
## RECS''## RECS'' indicates a Recommendations pre-process header. Please do not remove these lines.,,,,,,,,,,
## RECS,,,,,,,,,,
## RECSUse this file to upload product display information to Recommendations. Each product has its own row. Each line must contain 19 values and if not all are filled a space should be left.,,,,,,,,,,
## RECSThe last 100 columns (entity.custom1 - entity.custom100) are custom. The name 'customN' can be replaced with a custom name such as 'onSale' or 'brand'.,,,,,,,,,,
## RECSIf the products already exist in Recommendations then changes uploaded here will override the data in Recommendations. Any new attributes entered here will be added to the product''s entry in Recommendations.,,,,,,,,,,
## RECSentity.id,entity.name,entity.categoryId,entity.message,entity.thumbnailUrl,entity.value,entity.pageUrl,entity.inventory,entity.margin,entity.brand,entity.color
LLMJ03.1-S,Montana Wind Jacket,"products,products:men,products:men:tops,products:men:tops:jackets",,https://luma.enablementadobe.com/content/dam/luma/en/products/men/tops/jackets/mj03-black_main.jpg,49,/content/luma/us/en/products/men/tops/jackets/montana-wind-jacket.html#LLMJ03.1-S,20,3,Luma,
LLMJ06.1-S,Jupiter All-Weather Trainer,"products,products:men,products:men:tops,products:men:tops:jackets",,https://luma.enablementadobe.com/content/dam/luma/en/products/men/tops/jackets/mj06-blue_main.jpg,56.99,/content/luma/us/en/products/men/tops/jackets/jupiter-all-weather-trainer.html#LLMJ06.1-S,20,3,Luma,
LLMJ12.1-S,Proteus Fitness Jackshirt,"products,products:men,products:men:tops,products:men:tops:jackets",,https://luma.enablementadobe.com/content/dam/luma/en/products/men/tops/jackets/mj12-orange_main.jpg,45,/content/luma/us/en/products/men/tops/jackets/proteus-fitness-jackshirt.html#LLMJ12.1-S,20,3,Luma,
LLMJ11.1-S,Typhon Performance Fleece-lined Jacket,"products,products:men,products:men:tops,products:men:tops:jackets",,https://luma.enablementadobe.com/content/dam/luma/en/products/men/tops/jackets/mj11-black_main.jpg,60,/content/luma/us/en/products/men/tops/jackets/typhon-performance-fleece-lined-jacket.html#LLMJ11.1-S,20,3,Luma,
LLMJ10.1-S,Mars HeatTech™ Pullover,"products,products:men,products:men:tops,products:men:tops:jackets",,https://luma.enablementadobe.com/content/dam/luma/en/products/men/tops/jackets/mj10-red_main.jpg,66,/content/luma/us/en/products/men/tops/jackets/mars-heattech_-pullover.html#LLMJ10.1-S,20,3,Luma,
LLMH11.1-S,Grayson Crewneck Sweatshirt,"products,products:men,products:men:tops,products:men:tops:hoodies_sweatshirts",,https://luma.enablementadobe.com/content/dam/luma/en/products/men/tops/hoodies-&-sweatshirts/mh11-white_main.jpg,64,/content/luma/us/en/products/men/tops/hoodies_sweatshirts/grayson-crewneck-sweatshirt.html#LLMH11.1-S,20,3,Luma,
LLMH13.1-S,Marco Lightweight Active Hoodie,"products,products:men,products:men:tops,products:men:tops:hoodies_sweatshirts",,https://luma.enablementadobe.com/content/dam/luma/en/products/men/tops/hoodies-&-sweatshirts/mh13-blue_main.jpg,74,/content/luma/us/en/products/men/tops/hoodies_sweatshirts/marco-lightweight-active-hoodie.html#LLMH13.1-S,20,3,Luma,
LLMH12.1-S,Ajax Full-Zip Sweatshirt ,"products,products:men,products:men:tops,products:men:tops:hoodies_sweatshirts",,https://luma.enablementadobe.com/content/dam/luma/en/products/men/tops/hoodies-&-sweatshirts/mh12-blue_main.jpg,69,/content/luma/us/en/products/men/tops/hoodies_sweatshirts/ajax-full-zip-sweatshirt.html#LLMH12.1-S,20,3,Luma,
LLMH10.1-S,Mach Street Sweatshirt ,"products,products:men,products:men:tops,products:men:tops:hoodies_sweatshirts",,https://luma.enablementadobe.com/content/dam/luma/en/products/men/tops/hoodies-&-sweatshirts/mh10-blue_main.jpg,62,/content/luma/us/en/products/men/tops/hoodies_sweatshirts/mach-street-sweatshirt.html#LLMH10.1-S,20,3,Luma,
LLMH09.1-S,Abominable Hoodie,"products,products:men,products:men:tops,products:men:tops:hoodies_sweatshirts",,https://luma.enablementadobe.com/content/dam/luma/en/products/men/tops/hoodies-&-sweatshirts/mh09-blue_main.jpg,69,/content/luma/us/en/products/men/tops/hoodies_sweatshirts/abominable-hoodie.html#LLMH09.1-S,20,3,Luma,
LLMS07.1-S,Deion Long-Sleeve EverCool™ Tee,"products,products:men,products:men:tops,products:men:tops:tees",,https://luma.enablementadobe.com/content/dam/luma/en/products/men/tops/tees/ms07-green_main.jpg,39,/content/luma/us/en/products/men/tops/tees/deion-long-sleeve-evercool-tee.html#LLMS07.1-S,20,3,Luma,
LLMS08.1-S,Strike Endurance Tee,"products,products:men,products:men:tops,products:men:tops:tees",,https://luma.enablementadobe.com/content/dam/luma/en/products/men/tops/tees/ms08-black_main.jpg,39,/content/luma/us/en/products/men/tops/tees/strike-endurance-tee.html#LLMS08.1-S,20,3,Luma,
LLMS10.1-S,Logan HeatTec® Tee,"products,products:men,products:men:tops,products:men:tops:tees",,https://luma.enablementadobe.com/content/dam/luma/en/products/men/tops/tees/ms10-blue_main.jpg,24,/content/luma/us/en/products/men/tops/tees/logan-heattec_-tee.html#LLMS10.1-S,20,3,Luma,
LLMS02.1-S,Ryker LumaTech™ Tee (V-neck),"products,products:men,products:men:tops,products:men:tops:tees",,https://luma.enablementadobe.com/content/dam/luma/en/products/men/tops/tees/ms02-gray_main.jpg,28,/content/luma/us/en/products/men/tops/tees/ryker-lumatech_-tee-v-neck.html#LLMS02.1-S,20,3,Luma,
LLMS01.1-S,Aero Daily Fitness Tee,"products,products:men,products:men:tops,products:men:tops:tees",,https://luma.enablementadobe.com/content/dam/luma/en/products/men/tops/tees/ms01-black_main.jpg,24,/content/luma/us/en/products/men/tops/tees/aero-daily-fitness-tee.html#LLMS01.1-S,20,3,Luma,
LLMT11.1-S,Atlas Fitness Tank,"products,products:men,products:men:tops,products:men:tops:tees",,https://luma.enablementadobe.com/content/dam/luma/en/products/men/tops/tanks/mt11-blue_main.jpg,18,/content/luma/us/en/products/men/tops/tanks/atlas-fitness-tank.html#LLMT11.1-S,20,3,Luma,
LLMT12.1-S,Cassius Sparring Tank,"products,products:men,products:men:tops,products:men:tops:tees",,https://luma.enablementadobe.com/content/dam/luma/en/products/men/tops/tanks/mt12-blue_main.jpg,18,/content/luma/us/en/products/men/tops/tanks/cassius-sparring-tank.html#LLMT12.1-S,20,3,Luma,
LLMT10.1-S,Tiberius Gym Tank,"products,products:men,products:men:tops,products:men:tops:tees",,https://luma.enablementadobe.com/content/dam/luma/en/products/men/tops/tanks/mt10-yellow_main.jpg,18,/content/luma/us/en/products/men/tops/tanks/tiberius-gym-tank.html#LLMT10.1-S,20,3,Luma,
LLMT09.1-S,Sinbad Fitness Tank,"products,products:men,products:men:tops,products:men:tops:tees",,https://luma.enablementadobe.com/content/dam/luma/en/products/men/tops/tanks/mt09-blue_main.jpg,29,/content/luma/us/en/products/men/tops/tanks/sinbad-fitness-tank.html#LLMT09.1-S,20,3,Luma,
LLMT08.1-S,Sparta Gym Tank,"products,products:men,products:men:tops,products:men:tops:tees",,https://luma.enablementadobe.com/content/dam/luma/en/products/men/tops/tanks/mt08-green_main.jpg,29,/content/luma/us/en/products/men/tops/tanks/sparta-gym-tank.html#LLMT08.1-S,20,3,Luma,
LLMP11.1-32,Aether Gym Pant ,"products,products:men,products:men:bottoms,products:men:bottoms:pants",,https://luma.enablementadobe.com/content/dam/luma/en/products/men/bottoms/pants/mp11-brown_main.jpg,59.2,/content/luma/us/en/products/men/bottoms/pants/aether-gym-pant.html#LLMP11.1-32,20,3,Luma,
LLMP12.1-32,Cronus Yoga Pant ,"products,products:men,products:men:bottoms,products:men:bottoms:pants",,https://luma.enablementadobe.com/content/dam/luma/en/products/men/bottoms/pants/mp12-black_main.jpg,38.4,/content/luma/us/en/products/men/bottoms/pants/cronus-yoga-pant.html#LLMP12.1-32,20,3,Luma,
LLMP10.1-32,Orestes Yoga Pant ,"products,products:men,products:men:bottoms,products:men:bottoms:pants",,https://luma.enablementadobe.com/content/dam/luma/en/products/men/bottoms/pants/mp10-black_main.jpg,52.8,/content/luma/us/en/products/men/bottoms/pants/orestes-yoga-pant.html#LLMP10.1-32,20,3,Luma,
LLMP09.1-32,Livingston All-Purpose Tight,"products,products:men,products:men:bottoms,products:men:bottoms:pants",,https://luma.enablementadobe.com/content/dam/luma/en/products/men/bottoms/pants/mp09-black_main.jpg,60,/content/luma/us/en/products/men/bottoms/pants/livingston-all-purpose-tight.html#LLMP09.1-32,20,3,Luma,
LLMP08.1-32,Zeppelin Yoga Pant,"products,products:men,products:men:bottoms,products:men:bottoms:pants",,https://luma.enablementadobe.com/content/dam/luma/en/products/men/bottoms/pants/mp08-green_main.jpg,65.6,/content/luma/us/en/products/men/bottoms/pants/zeppelin-yoga-pant.html#LLMP08.1-32,20,3,Luma,
LLMSH11.1-32,Arcadio Gym Short,"products,products:men,products:men:bottoms,products:men:bottoms:shorts",,https://luma.enablementadobe.com/content/dam/luma/en/products/men/bottoms/shirts/msh11-blue_main.jpg,20,/content/luma/us/en/products/men/bottoms/shorts/arcadio-gym-short.html#LLMSH11.1-32,20,3,Luma,
LLMSH12.1-32,Pierce Gym Short,"products,products:men,products:men:bottoms,products:men:bottoms:shorts",,https://luma.enablementadobe.com/content/dam/luma/en/products/men/bottoms/shirts/msh12-red_main.jpg,27,/content/luma/us/en/products/men/bottoms/shorts/pierce-gym-short.html#LLMSH12.1-32,20,3,Luma,
LLMSH10.1-32,Sol Active Short,"products,products:men,products:men:bottoms,products:men:bottoms:shorts",,https://luma.enablementadobe.com/content/dam/luma/en/products/men/bottoms/shirts/msh10-blue_main.jpg,32,/content/luma/us/en/products/men/bottoms/shorts/sol-active-short.html#LLMSH10.1-32,20,3,Luma,
LLMSH09.1-32,Troy Yoga Short,"products,products:men,products:men:bottoms,products:men:bottoms:shorts",,https://luma.enablementadobe.com/content/dam/luma/en/products/men/bottoms/shirts/msh09-blue_main.jpg,24,/content/luma/us/en/products/men/bottoms/shorts/troy-yoga-short.html#LLMSH09.1-32,20,3,Luma,
LLMSH32-32,Orestes Fitness Short,"products,products:men,products:men:bottoms,products:men:bottoms:shorts",,https://luma.enablementadobe.com/content/dam/luma/en/products/men/bottoms/shirts/msh08-black_main.jpg,35,/content/luma/us/en/products/men/bottoms/shorts/orestes-fitness-short.html#LLMSH32-32,20,3,Luma,
LLWH10.1-XS,Helena Hooded Fleece,"products,products:women,products:women:tops,products:women:tops:hoodies",,https://luma.enablementadobe.com/content/dam/luma/en/products/women/tops/hoodies-&-sweatshirts/wh10-gray_main.jpg,55,/content/luma/us/en/products/women/tops/hoodies/helena-hooded-fleece.html#LLWH10.1-XS,20,3,Luma,
LLWH08.1-XS,Cassia Funnel Sweatshirt,"products,products:women,products:women:tops,products:women:tops:hoodies",,https://luma.enablementadobe.com/content/dam/luma/en/products/women/tops/hoodies-&-sweatshirts/wh08-white_main.jpg,48,/content/luma/us/en/products/women/tops/hoodies/cassia-funnel-sweatshirt.html#LLWH08.1-XS,20,3,Luma,
LLWH07.1-XS,Phoebe Zipper Sweatshirt,"products,products:women,products:women:tops,products:women:tops:hoodies",,https://luma.enablementadobe.com/content/dam/luma/en/products/women/tops/hoodies-&-sweatshirts/wh07-gray_main.jpg,59,/content/luma/us/en/products/women/tops/hoodies/phoebe-zipper-sweatshirt.html#LLWH07.1-XS,20,3,Luma,
LLWH12.1-XS,Circe Hooded Ice Fleece,"products,products:women,products:women:tops,products:women:tops:hoodies",,https://luma.enablementadobe.com/content/dam/luma/en/products/women/tops/hoodies-&-sweatshirts/wh12-gray_main.jpg,68,/content/luma/us/en/products/women/tops/hoodies/circe-hooded-ice-fleece.html#LLWH12.1-XS,20,3,Luma,
LLWH11.1-XS,Eos V-Neck Hoodie,"products,products:women,products:women:tops,products:women:tops:hoodies",,https://luma.enablementadobe.com/content/dam/luma/en/products/women/tops/hoodies-&-sweatshirts/wh11-blue_main.jpg,54,/content/luma/us/en/products/women/tops/hoodies/eos-v-neck-hoodie.html#LLWH11.1-XS,20,3,Luma,
LLWH09.1-XS,Ariel Roll Sleeve Sweatshirt,"products,products:women,products:women:tops,products:women:tops:hoodies",,https://luma.enablementadobe.com/content/dam/luma/en/products/women/tops/hoodies-&-sweatshirts/wh09-purple_main.jpg,39,/content/luma/us/en/products/women/tops/hoodies/ariel-roll-sleeve-sweatshirt.html#LLWH09.1-XS,20,3,Luma,
LLWH06.1-XS,Daphne Full-Zip Hoodie,"products,products:women,products:women:tops,products:women:tops:hoodies",,https://luma.enablementadobe.com/content/dam/luma/en/products/women/tops/hoodies-&-sweatshirts/wh06-purple_main.jpg,59,/content/luma/us/en/products/women/tops/hoodies/daphne-full-zip-hoodie.html#LLWH06.1-XS,20,3,Luma,
LLWH04.1-XS,Miko Pullover Hoodie,"products,products:women,products:women:tops,products:women:tops:hoodies",,https://luma.enablementadobe.com/content/dam/luma/en/products/women/tops/hoodies-&-sweatshirts/wh04-blue_main.jpg,69,/content/luma/us/en/products/women/tops/hoodies/miko-pullover-hoodie.html#LLWH04.1-XS,20,3,Luma,
LLWH03.1-XS,Autumn Pullie,"products,products:women,products:women:tops,products:women:tops:hoodies",,https://luma.enablementadobe.com/content/dam/luma/en/products/women/tops/hoodies-&-sweatshirts/wh03-red_main.jpg,57,/content/luma/us/en/products/women/tops/hoodies/autumn-pullie.html#LLWH03.1-XS,20,3,Luma,
LLWH05.1-XS,Selene Yoga Hoodie,"products,products:women,products:women:tops,products:women:tops:hoodies",,https://luma.enablementadobe.com/content/dam/luma/en/products/women/tops/hoodies-&-sweatshirts/wh05-white_main.jpg,42,/content/luma/us/en/products/women/tops/hoodies/selene-yoga-hoodie.html#LLWH05.1-XS,30,3,Luma,
LLWJ10.1-XS,Nadia Elements Shell,"products,products:women,products:women:tops,products:women:tops:jackets",,https://luma.enablementadobe.com/content/dam/luma/en/products/women/tops/jackets/wj10-yellow_main.jpg,69,/content/luma/us/en/products/women/tops/jackets/nadia-elements-shell.html#LLWJ10.1-XS,20,3,Luma,
LLWJ11.1-XS,Neve Studio Dance Jacket,"products,products:women,products:women:tops,products:women:tops:jackets",,https://luma.enablementadobe.com/content/dam/luma/en/products/women/tops/jackets/wj11-blue_main.jpg,69,/content/luma/us/en/products/women/tops/jackets/neve-studio-dance-jacket.html#LLWJ11.1-XS,20,3,Luma,
LLWJ06.1-XS,Juno Jacket,"products,products:women,products:women:tops,products:women:tops:jackets",,https://luma.enablementadobe.com/content/dam/luma/en/products/women/tops/jackets/wj06-purple_main.jpg,77,/content/luma/us/en/products/women/tops/jackets/juno-jacket.html#LLWJ06.1-XS,20,3,Luma,
LLWJ09.1-XS,Jade Yoga Jacket,"products,products:women,products:women:tops,products:women:tops:jackets",,https://luma.enablementadobe.com/content/dam/luma/en/products/women/tops/jackets/wj09-green_main.jpg,32,/content/luma/us/en/products/women/tops/jackets/jade-yoga-jacket.html#LLWJ09.1-XS,20,3,Luma,
LLWJ12-XS,Olivia 1/4 Zip Light Jacket,"products,products:women,products:women:tops,products:women:tops:jackets",,https://luma.enablementadobe.com/content/dam/luma/en/products/women/tops/jackets/wj12-blue_main.jpg,77,/content/luma/us/en/products/women/tops/jackets/olivia-1_4-zip-light-jacket.html#LLWJ12-XS,20,3,Luma,
LLWJ08,Adrienne Trek Jacket,"products,products:women,products:women:tops,products:women:tops:jackets",,https://luma.enablementadobe.com/content/dam/luma/en/products/women/tops/jackets/wj08-gray_main.jpg,57,/content/luma/us/en/products/women/tops/jackets/adrienne-trek-jacket.html#LLWJ08,20,3,Luma,
LLWS12.1-XS,Radiant Tee,"products,products:women,products:women:tops,products:women:tops:tees",,https://luma.enablementadobe.com/content/dam/luma/en/products/women/tops/tees/ws12-orange_main.jpg,22,/content/luma/us/en/products/women/tops/tees/radiant-tee.html#LLWS12.1-XS,20,3,Luma,
LLWS01.1-XS,Gwyn Endurance Tee,"products,products:women,products:women:tops,products:women:tops:tees",,https://luma.enablementadobe.com/content/dam/luma/en/products/women/tops/tees/ws01-black_main.jpg,24,/content/luma/us/en/products/women/tops/tees/gwyn-endurance-tee.html#LLWS01.1-XS,20,3,Luma,
LLWS11.1-XS,Diva Gym Tee,"products,products:women,products:women:tops,products:women:tops:tees",,https://luma.enablementadobe.com/content/dam/luma/en/products/women/tops/tees/ws11-yellow_main.jpg,32,/content/luma/us/en/products/women/tops/tees/diva-gym-tee.html#LLWS11.1-XS,20,3,Luma,
LLWS10.1-XS,Karissa V-Neck Tee,"products,products:women,products:women:tops,products:women:tops:tees",,https://luma.enablementadobe.com/content/dam/luma/en/products/women/tops/tees/ws10-red_main.jpg,32,/content/luma/us/en/products/women/tops/tees/karissa-v-neck-tee.html#LLWS10.1-XS,20,3,Luma,
LLWS05.1-XS,Desiree Fitness Tee,"products,products:women,products:women:tops,products:women:tops:tees",,https://luma.enablementadobe.com/content/dam/luma/en/products/women/tops/tees/ws05-yellow_main.jpg,24,/content/luma/us/en/products/women/tops/tees/desiree-fitness-tee.html#LLWS05.1-XS,20,3,Luma,
LLWB05.1-XS,Lucia Cross-Fit Bra ,"products,products:women,products:women:tops,products:women:tops:bras_tanks",,https://luma.enablementadobe.com/content/dam/luma/en/products/women/tops/bras-&-tanks/wb05-black_main.jpg,39,/content/luma/us/en/products/women/tops/bras_tanks/lucia-cross-fit-bra.html#LLWB05.1-XS,20,3,Luma,
LLWT08.1-XS,Antonia Racer Tank,"products,products:women,products:women:tops,products:women:tops:bras_tanks",,https://luma.enablementadobe.com/content/dam/luma/en/products/women/tops/bras-&-tanks/wt08-black_main.jpg,34,/content/luma/us/en/products/women/tops/bras_tanks/antonia-racer-tank.html#LLWT08.1-XS,20,3,Luma,
LUMA-WT09.1-XS-XS,Breathe-Easy Tank,"products,products:women,products:women:tops,products:women:tops:bras_tanks",,https://luma.enablementadobe.com/content/dam/luma/en/products/women/tops/bras-&-tanks/wt09-purple_main.jpg,34,/content/luma/us/en/products/women/tops/bras_tanks/breathe-easy-tank.html#Luma-WT09.1-XS-XS,20,3,Luma,
LLWB04.1-XS,Prima Compete Bra Top,"products,products:women,products:women:tops,products:women:tops:bras_tanks",,https://luma.enablementadobe.com/content/dam/luma/en/products/women/tops/bras-&-tanks/wb04-blue_main.jpg,24,/content/luma/us/en/products/women/tops/bras_tanks/prima-compete-bra-top.html#LLWB04.1-XS,20,3,Luma,
LLWP13.1-28,Portia Capri,"products,products:women,products:women:bottoms,products:women:bottoms:pants",,https://luma.enablementadobe.com/content/dam/luma/en/products/women/bottoms/pants/wp13-blue_main.jpg,39.2,/content/luma/us/en/products/women/bottoms/pants/portia-capri.html#LLWP13.1-28,20,3,Luma,
LLWP12.1-28,Deirdre Relaxed-Fit Capri,"products,products:women,products:women:bottoms,products:women:bottoms:pants",,https://luma.enablementadobe.com/content/dam/luma/en/products/women/bottoms/pants/wp12-gray_main.jpg,50.4,/content/luma/us/en/products/women/bottoms/pants/deirdre-relaxed-fit-capri.html#LLWP12.1-28,12,3,Luma,
LLWP10.1-28,Daria Bikram Pant,"products,products:women,products:women:bottoms,products:women:bottoms:pants",,https://luma.enablementadobe.com/content/dam/luma/en/products/women/bottoms/pants/wp10-gray_main.jpg,40.8,/content/luma/us/en/products/women/bottoms/pants/daria-bikram-pant.html#LLWP10.1-28,13,3,Luma,
LLWP11.1-28,Sylvia Capri,"products,products:women,products:women:bottoms,products:women:bottoms:pants",,https://luma.enablementadobe.com/content/dam/luma/en/products/women/bottoms/pants/wp11-green_main.jpg,33.6,/content/luma/us/en/products/women/bottoms/pants/sylvia-capri.html#LLWP11.1-28,14,3,Luma,
LLWSH12.1-28,Erika Running Short,"products,products:women,products:women:bottoms,products:women:bottoms:shorts",,https://luma.enablementadobe.com/content/dam/luma/en/products/women/bottoms/shorts/wsh12-purple_main.jpg,45,/content/luma/us/en/products/women/bottoms/shorts/erika-running-short.html#LLWSH12.1-28,15,3,Luma,
LLWSH10.1-28,Ana Running Short,"products,products:women,products:women:bottoms,products:women:bottoms:shorts",,https://luma.enablementadobe.com/content/dam/luma/en/products/women/bottoms/shorts/wsh10-black_main.jpg,40,/content/luma/us/en/products/women/bottoms/shorts/ana-running-short.html#LLWSH10.1-28,16,3,Luma,
LLWSH11.1-28,Ina Compression Short,"products,products:women,products:women:bottoms,products:women:bottoms:shorts",,https://luma.enablementadobe.com/content/dam/luma/en/products/women/bottoms/shorts/wsh11-blue_main.jpg,49,/content/luma/us/en/products/women/bottoms/shorts/ina-compression-short.html#LLWSH11.1-28,17,3,Luma,
LLWSH09.1-28,Mimi All-Purpose Short,"products,products:women,products:women:bottoms,products:women:bottoms:shorts",,https://luma.enablementadobe.com/content/dam/luma/en/products/women/bottoms/shorts/wsh09-gray_main.jpg,44,/content/luma/us/en/products/women/bottoms/shorts/mimi-all-purpose-short.html#LLWSH09.1-28,18,3,Luma,
24-WB04,Push It Messenger Bag,"products,products:gear,products:gear:bags",,https://luma.enablementadobe.com/content/dam/luma/en/products/gear/bags/wb04-blue-0.jpg,45,/content/luma/us/en/products/gear/bags/push-it-messenger-bag.html#24-WB04,20,3,Luma,
Luma-24-WB03,Driven Backpack,"products,products:gear,products:gear:bags",,https://luma.enablementadobe.com/content/dam/luma/en/products/gear/bags/wb03-purple-0.jpg,36,/content/luma/us/en/products/gear/bags/driven-backpack.html#Luma-24-WB03,20,3,Luma,
24-WB02,Compete Track Tote,"products,products:gear,products:gear:bags",,https://luma.enablementadobe.com/content/dam/luma/en/products/gear/bags/wb02-green-0.jpg,32,/content/luma/us/en/products/gear/bags/compete-track-tote.html#24-WB02,20,3,Luma,
24-WB06,Endeavor Daytrip Backpack,"products,products:gear,products:gear:bags",,https://luma.enablementadobe.com/content/dam/luma/en/products/gear/bags/wb06-red-0.jpg,33,/content/luma/us/en/products/gear/bags/endeavor-daytrip-backpack.html#24-WB06,20,3,Luma,
24-UB02,Impulse Duffle,"products,products:gear,products:gear:bags",,https://luma.enablementadobe.com/content/dam/luma/en/products/gear/bags/ub02-black-0.jpg,74,/content/luma/us/en/products/gear/bags/impulse-duffle.html#24-UB02,20,3,Luma,
Luma-24-WB01,Voyage Yoga Bag,"products,products:gear,products:gear:bags",,https://luma.enablementadobe.com/content/dam/luma/en/products/gear/bags/wb01-black-0.jpg,32,/content/luma/us/en/products/gear/bags/voyage-yoga-bag.html#Luma-24-WB01,20,3,Luma,
24-WB05,Savvy Shoulder Tote,"products,products:gear,products:gear:bags",,https://luma.enablementadobe.com/content/dam/luma/en/products/gear/bags/wb05-red-0.jpg,24,/content/luma/us/en/products/gear/bags/savvy-shoulder-tote.html#24-WB05,20,3,Luma,
Luma-24-WB07,Overnight Duffle,"products,products:gear,products:gear:bags",,https://luma.enablementadobe.com/content/dam/luma/en/products/gear/bags/wb07-brown-0.jpg,45,/content/luma/us/en/products/gear/bags/overnight-duffle.html#Luma-24-WB07,20,3,Luma,
Luma-24-MB02,Fusion Backpack,"products,products:gear,products:gear:bags",,https://luma.enablementadobe.com/content/dam/luma/en/products/gear/bags/mb02-gray-0.jpg,59,/content/luma/us/en/products/gear/bags/fusion-backpack.html#Luma-24-MB02,20,3,Luma,
24-UG03,Harmony Lumaflex™ Strength Band Kit,"products,products:gear,products:gear:fitness",,https://luma.enablementadobe.com/content/dam/luma/en/products/gear/fitness-equipment/ug03-bk-0.jpg,22,/content/luma/us/en/products/gear/fitness/harmony-lumaflex-strength-band-kit.html#24-UG03,20,3,Luma,
24-WG084,Sprite Foam Yoga Brick,"products,products:gear,products:gear:fitness",,https://luma.enablementadobe.com/content/dam/luma/en/products/gear/fitness-equipment/luma-yoga-brick.jpg,5,/content/luma/us/en/products/gear/fitness/sprite-foam-yoga-brick.html#24-WG084,20,3,Luma,
24-WG080,Sprite Yoga Companion Kit,"products,products:gear,products:gear:fitness",,https://luma.enablementadobe.com/content/dam/luma/en/products/gear/fitness-equipment/luma-yoga-kit-2.jpg,61,/content/luma/us/en/products/gear/fitness/sprite-yoga-companion-kit.html#24-WG080,20,3,Luma,
24-UG05,Go-Get'r Pushup Grips,"products,products:gear,products:gear:fitness",,https://luma.enablementadobe.com/content/dam/luma/en/products/gear/fitness-equipment/ug05-gr-0.jpg,19,/content/luma/us/en/products/gear/fitness/go-get_r-pushup-grips.html#24-UG05,20,3,Luma,
24-WG088,Sprite Foam Roller,"products,products:gear,products:gear:fitness",,https://luma.enablementadobe.com/content/dam/luma/en/products/gear/fitness-equipment/luma-foam-roller.jpg,19,/content/luma/us/en/products/gear/fitness/sprite-foam-roller.html#24-WG088,20,3,Luma,
24-UG01,Quest Lumaflex™ Band,"products,products:gear,products:gear:fitness",,https://luma.enablementadobe.com/content/dam/luma/en/products/gear/fitness-equipment/ug01-bk-0.jpg,19,/content/luma/us/en/products/gear/fitness/quest-lumaflex_-band.html#24-UG01,20,3,Luma,
24-UG02,Pursuit Lumaflex™ Tone Band,"products,products:gear,products:gear:fitness",,https://luma.enablementadobe.com/content/dam/luma/en/products/gear/fitness-equipment/ug02-bk-0.jpg,16,/content/luma/us/en/products/gear/fitness/pursuit-lumaflex-tone-band.html#24-UG02,20,3,Luma,
Luma-24-WG085,Sprite Yoga Straps,"products,products:gear,products:gear:fitness",,https://luma.enablementadobe.com/content/dam/luma/en/products/gear/fitness-equipment/luma-yoga-strap-set.jpg,52,/content/luma/us/en/products/gear/fitness/sprite-yoga-straps.html#Luma-24-WG085,20,3,Luma,
24-UG07,Dual Handle Cardio Ball,"products,products:gear,products:gear:fitness",,https://luma.enablementadobe.com/content/dam/luma/en/products/gear/fitness-equipment/ug07-bk-0.jpg,12,/content/luma/us/en/products/gear/fitness/dual-handle-cardio-ball.html#24-UG07,20,3,Luma,
24-UG06,Affirm Water Bottle ,"products,products:gear,products:gear:fitness",,https://luma.enablementadobe.com/content/dam/luma/en/products/gear/fitness-equipment/ug06-lb-0.jpg,7,/content/luma/us/en/products/gear/fitness/affirm-water-bottle.html#24-UG06,20,3,Luma,
24-UG04,Zing Jump Rope,"products,products:gear,products:gear:fitness",,https://luma.enablementadobe.com/content/dam/luma/en/products/gear/fitness-equipment/ug04-bk-0.jpg,12,/content/luma/us/en/products/gear/fitness/zing-jump-rope.html#24-UG04,20,3,Luma,
24-WG02,Didi Sport Watch,"products,products:gear,products:gear:watches",,https://luma.enablementadobe.com/content/dam/luma/en/products/gear/watches/Didi_Sport_watch.jpg,99,/content/luma/us/en/products/gear/watches/didi-sport-watch.html#24-WG02,20,3,Luma,
24-WG01,Bolo Sport Watch,"products,products:gear,products:gear:watches",,https://luma.enablementadobe.com/content/dam/luma/en/products/gear/watches/Bolo_Watch.jpg,49,/content/luma/us/en/products/gear/watches/bolo-sport-watch.html#24-WG01,20,3,Luma,
24-WG09,Luma Analog Watch,"products,products:gear,products:gear:watches",,https://luma.enablementadobe.com/content/dam/luma/en/products/gear/watches/Luma_Analog_Watch.jpg,43,/content/luma/us/en/products/gear/watches/luma-analog-watch.html#24-WG09,20,3,Luma,
24-MG03,Summit Watch,"products,products:gear,products:gear:watches",,https://luma.enablementadobe.com/content/dam/luma/en/products/gear/watches/Summit_Watch.jpg,54,/content/luma/us/en/products/gear/watches/summit-watch.html#24-MG03,20,3,Luma,
24-WG03,Clamber Watch,"products,products:gear,products:gear:watches",,https://luma.enablementadobe.com/content/dam/luma/en/products/gear/watches/Clamber_Watch_2.jpg,54,/content/luma/us/en/products/gear/watches/clamber-watch.html#24-WG03,20,3,Luma,
24-MG01,Endurance Watch,"products,products:gear,products:gear:watches",,https://luma.enablementadobe.com/content/dam/luma/en/products/gear/watches/Endurance_Watch.jpg,49,/content/luma/us/en/products/gear/watches/endurance-watch.html#24-MG01,20,3,Luma,
24-MG05,Cruise Dual Analog Watch,"products,products:gear,products:gear:watches",,https://luma.enablementadobe.com/content/dam/luma/en/products/gear/watches/Cruise_watch.jpg,55,/content/luma/us/en/products/gear/watches/cruise-dual-analog-watch.html#24-MG05,20,3,Luma,
24-MG02,Dash Digital Watch,"products,products:gear,products:gear:watches",,https://luma.enablementadobe.com/content/dam/luma/en/products/gear/watches/Dash_watch.jpg,92,/content/luma/us/en/products/gear/watches/dash-digital-watch.html#24-MG02,20,3,Luma,
24-MG04,Aim Analog Watch,"products,products:gear,products:gear:watches",,https://luma.enablementadobe.com/content/dam/luma/en/products/gear/watches/Aim_Watch.jpg,45,/content/luma/us/en/products/gear/watches/aim-analog-watch.html#24-MG04,20,3,Luma,
